{"cameraMode":{"drawMode":0,"name":"Shaded","section":"Shading Mode"},"sceneLighting":true,"audioPlay":false,"sceneViewState":{"m_AlwaysRefresh":false,"showFog":true,"showSkybox":true,"showFlares":true,"showImageEffects":true,"showParticleSystems":true,"showVisualEffectGraphs":true,"m_FxEnabled":true},"in2DMode":false,"pivot":{"x":987.2928466796875,"y":402.5225830078125,"z":48.41648864746094},"rotation":{"x":-0.010807454586029053,"y":0.020094625651836396,"z":-0.0002180252777179703,"w":-0.9997433423995972},"size":747.1304931640625,"orthographic":false}